Workbook

Sheet Raw_Data
A1: Influencer | B1: Platform | C1: Followers | D1: Engagement_Rate | E1: Cost | F1: Clicks | G1: Conversions | H1: Revenue | I1: CTR | J1: Conversion_Rate | K1: CAC | L1: ROAS | M1: ROI_Score
A2: Creator A | B2: Instagram | C2: 50000 | D2: 0.045 | E2: 500 | F2: 1200 | G2: 60 | H2: 3000 | I2: =F2/C2 -> 0.024 | J2: =G2/F2 -> 0.05 | K2: =E2/G2 -> 8.3333333 | L2: =H2/E2 -> 6 | M2: =(D2*G2*H2)/E2 -> 16.2
A3: Creator B | B3: TikTok | C3: 120000 | D3: 0.021 | E3: 1200 | F3: 1500 | G3: 45 | H3: 2500 | I3: =F3/C3 -> 0.0125 | J3: =G3/F3 -> 0.03 | K3: =E3/G3 -> 26.666667 | L3: =H3/E3 -> 2.0833333 | M3: =(D3*G3*H3)/E3 -> 1.96875
A4: Creator C | B4: Instagram | C4: 30000 | D4: 0.062 | E4: 300 | F4: 900 | G4: 70 | H4: 3500 | I4: =F4/C4 -> 0.03 | J4: =G4/F4 -> 0.077777778 | K4: =E4/G4 -> 4.2857143 | L4: =H4/E4 -> 11.666667 | M4: =(D4*G4*H4)/E4 -> 50.633333
A5: Creator D | B5: YouTube | C5: 200000 | D5: 0.015 | E5: 2000 | F5: 1800 | G5: 40 | H5: 2200 | I5: =F5/C5 -> 0.009 | J5: =G5/F5 -> 0.022222222 | K5: =E5/G5 -> 50 | L5: =H5/E5 -> 1.1 | M5: =(D5*G5*H5)/E5 -> 0.66
A6: Creator E | B6: TikTok | C6: 80000 | D6: 0.038 | E6: 700 | F6: 1100 | G6: 55 | H6: 2800 | I6: =F6/C6 -> 0.01375 | J6: =G6/F6 -> 0.05 | K6: =E6/G6 -> 12.727273 | L6: =H6/E6 -> 4 | M6: =(D6*G6*H6)/E6 -> 8.36
A7: Creator F | B7: Instagram | C7: 45000 | D7: 0.055 | E7: 450 | F7: 1050 | G7: 65 | H7: 3200 | I7: =F7/C7 -> 0.023333333 | J7: =G7/F7 -> 0.061904762 | K7: =E7/G7 -> 6.9230769 | L7: =H7/E7 -> 7.1111111 | M7: =(D7*G7*H7)/E7 -> 25.422222
A8: Creator G | B8: YouTube | C8: 150000 | D8: 0.022 | E8: 1800 | F8: 2000 | G8: 38 | H8: 2100 | I8: =F8/C8 -> 0.013333333 | J8: =G8/F8 -> 0.019 | K8: =E8/G8 -> 47.368421 | L8: =H8/E8 -> 1.1666667 | M8: =(D8*G8*H8)/E8 -> 0.97533333
A9: Creator H | B9: TikTok | C9: 60000 | D9: 0.047 | E9: 600 | F9: 1300 | G9: 72 | H9: 3800 | I9: =F9/C9 -> 0.021666667 | J9: =G9/F9 -> 0.055384615 | K9: =E9/G9 -> 8.3333333 | L9: =H9/E9 -> 6.3333333 | M9: =(D9*G9*H9)/E9 -> 21.432
A10: Creator I | B10: Instagram | C10: 25000 | D10: 0.071 | E10: 250 | F10: 800 | G10: 80 | H10: 4000 | I10: =F10/C10 -> 0.032 | J10: =G10/F10 -> 0.1 | K10: =E10/G10 -> 3.125 | L10: =H10/E10 -> 16 | M10: =(D10*G10*H10)/E10 -> 90.88
A11: Creator J | B11: TikTok | C11: 100000 | D11: 0.029 | E11: 950 | F11: 1400 | G11: 50 | H11: 2600 | I11: =F11/C11 -> 0.014 | J11: =G11/F11 -> 0.035714286 | K11: =E11/G11 -> 19 | L11: =H11/E11 -> 2.7368421 | M11: =(D11*G11*H11)/E11 -> 3.9684211
A12: Creator K | B12: YouTube | C12: 250000 | D12: 0.018 | E12: 2500 | F12: 2200 | G12: 35 | H12: 1900 | I12: =F12/C12 -> 0.0088 | J12: =G12/F12 -> 0.015909091 | K12: =E12/G12 -> 71.428571 | L12: =H12/E12 -> 0.76 | M12: =(D12*G12*H12)/E12 -> 0.4788
A13: Creator L | B13: Instagram | C13: 70000 | D13: 0.041 | E13: 650 | F13: 1600 | G13: 68 | H13: 3400 | I13: =F13/C13 -> 0.022857143 | J13: =G13/F13 -> 0.0425 | K13: =E13/G13 -> 9.5588235 | L13: =H13/E13 -> 5.2307692 | M13: =(D13*G13*H13)/E13 -> 14.583385
... A16: Creator O | B16: Instagram | C16: 35000 | D16: 0.06 | E16: 350 | F16: 1000 | G16: 75 | H16: 3700 | I16: =F16/C16 -> 0.028571429 | J16: =G16/F16 -> 0.075 | K16: =E16/G16 -> 4.6666667 | L16: =H16/E16 -> 10.571429 | M16: =(D16*G16*H16)/E16 -> 47.571429

Sheet Calculations
A1: 📊 CAMPAIGN KPI SUMMARY
A2: Total Cost | B2: =SUM(Raw_Data!E2:E16) -> 15250
A3: Total Revenue | B3: =SUM(Raw_Data!H2:H16) -> 44000
A4: Total Clicks | B4: =SUM(Raw_Data!F2:F16) -> 20950
A5: Total Conversions | B5: =SUM(Raw_Data!G2:G16) -> 853
A6: Avg CTR | B6: =AVERAGE(Raw_Data!I2:I16) -> 0.018513386
A7: Avg Conversion Rate | B7: =AVERAGE(Raw_Data!J2:J16) -> 0.047056757
A8: Avg CAC | B8: =AVERAGE(Raw_Data!K2:K16) -> 22.572729
A9: Avg ROAS | B9: =AVERAGE(Raw_Data!L2:L16) -> 5.303707
A10: Top Creator (ROAS) | B10: =INDEX(Raw_Data!A2:A16,MATCH(MAX(Raw_Data!L2:L16),Raw_Data!L2:L16,0)) -> Creator I
A11: Lowest Creator (ROAS) | B11: =INDEX(Raw_Data!A2:A16,MATCH(MIN(Raw_Data!L2:L16),Raw_Data!L2:L16,0)) -> Creator K
A13: 🌐 PLATFORM PERFORMANCE SUMMARY
A14: Platform | B14: Total Cost | C14: Total Revenue | D14: Total Conversions | E14: Avg ROAS
A15: Instagram | B15: =SUMIF(Raw_Data!B:B,"Instagram",Raw_Data!E:E) -> 2500 | C15: =SUMIF(Raw_Data!B:B,"Instagram",Raw_Data!H:H) -> 20800 | D15: =SUMIF(Raw_Data!B:B,"Instagram",Raw_Data!G:G) -> 418 | E15: =AVERAGEIF(Raw_Data!B:B,"Instagram",Raw_Data!L:L) -> 9.4299959
A16: TikTok | B16: =SUMIF(Raw_Data!B:B,"TikTok",Raw_Data!E:E) -> 4250 | C16: =SUMIF(Raw_Data!B:B,"TikTok",Raw_Data!H:H) -> 14700 | D16: =SUMIF(Raw_Data!B:B,"TikTok",Raw_Data!G:G) -> 280 | E16: =AVERAGEIF(Raw_Data!B:B,"TikTok",Raw_Data!L:L) -> 3.7807018
A17: YouTube | B17: =SUMIF(Raw_Data!B:B,"YouTube",Raw_Data!E:E) -> 8500 | C17: =SUMIF(Raw_Data!B:B,"YouTube",Raw_Data!H:H) -> 8500 | D17: =SUMIF(Raw_Data!B:B,"YouTube",Raw_Data!G:G) -> 155 | E17: =AVERAGEIF(Raw_Data!B:B,"YouTube",Raw_Data!L:L) -> 1.0180303

Sheet Dashboard
B1: 🚀 INFLUENCER MARKETING ROI ENGINE
B4: Campaign Performance Analytics · Budget Optimization · Creator ROI Dashboard
B6: 💰 TOTAL REVENUE | F6: 💸 TOTAL COST | J6: 📈 AVG ROAS | N6: 🎯 TOTAL CONVERSIONS
B7: =Calculations!B3 -> 44000 | F7: =Calculations!B2 -> 15250 | J7: =Calculations!B9 -> 5.303707 | N7: =Calculations!B5 -> 853
B12: AVG CTR | F12: AVG CONV RATE | J12: AVG CAC | N12: TOTAL CLICKS
B13: =Calculations!B6 -> 0.018513386 | F13: =Calculations!B7 -> 0.047056757 | J13: =Calculations!B8 -> 22.572729 | N13: =Calculations!B4 -> 20950
B17: 📊 CREATOR PERFORMANCE · Revenue & ROAS by Influencer
B55: 💡 STRATEGIC RECOMMENDATIONS
B57: ✅ TOP CREATOR TO SCALE | G57: ⚠️ LOWEST PERFORMER TO REASSESS | L57: 🏆 BEST PLATFORM TO PRIORITISE
B59: =Calculations!B11 -> Creator K | G59: =Calculations!B12 -> 0 | L59: Instagram
B61: shows the highest ROAS and strong conversion efficiency. Recommend increasing budget allocation by 30–40%. Prioritize Instagram Story + Reel formats for maximum reach. | G61: has the weakest return on ad spend. Review content strategy and audience alignment. Consider pausing spend pending a content refresh. | L61: delivers the strongest average ROAS. Recommend shifting 20% of TikTok/YouTube budget here. Focus on micro-influencers (30–70K followers) for best CAC.

Sheet Read_Me
B1: INFLUENCER MARKETING ROI ENGINE
B2: 📌 Project Overview
B3: Purpose | C3: Evaluate influencer campaign performance to identify high-return creators and platforms, and guide smarter budget allocation decisions.
B4: 🛠️ Tools Used
B5: Primary Tool | C5: Microsoft Excel for the Web
B6: Techniques | C6: Pivot-style SUMIF/AVERAGEIF formulas, dynamic INDEX/MATCH, Bar/Column charts, conditional formatting, structured tables
B7: 📐 Metrics Tracked
B8: CTR | C8: Click-Through Rate = Clicks ÷ Followers
B9: Conversion Rate | C9: Conversions ÷ Clicks
B10: CAC | C10: Customer Acquisition Cost = Cost ÷ Conversions
B11: ROAS | C11: Return on Ad Spend = Revenue ÷ Cost
B12: ROI Score | C12: Composite score = (Engagement × Conversions × Revenue) ÷ Cost
B13: 🎯 Business Goal
B14: Objective | C14: Identify which creators and platforms deliver the strongest ROI so marketing budget is allocated to campaigns with highest conversion efficiency.
B15: 💡 Key Insights
B16: Insight 1 | C16: Instagram micro-influencers (25K–70K followers) consistently outperform larger creators on ROAS and CAC, driven by higher engagement rates (5–7%).
B17: Insight 2 | C17: YouTube creators show the highest raw reach but the lowest ROAS, suggesting brand awareness rather than conversion-focused campaigns.
B18: Insight 3 | C18: TikTok delivers balanced mid-tier performance; optimizing content format toward native short-video ads could further improve conversion rates.
B19: 📂 Sheet Guide
B20: Raw_Data | C20: All campaign inputs + computed KPI columns (CTR, CAC, ROAS, ROI Score)
B21: Calculations | C21: Aggregated KPIs and platform-level breakdowns using SUMIF/AVERAGEIF
B22: Dashboard | C22: Visual summary with KPI cards, charts, and strategic recommendations
B23: Read_Me | C23: Project documentation (this sheet)
